PCE,Nom,Id_source,Telephone,SIRET,Prenom,Raison_sociale,SIRET successeur,Email
,SALLANDIER,1,+33 6 06 06 06 06,,Benoît,,,
12345678910124,SALLANDIER,2,,,Benoît,,,BENOIT.SALLANDIER@GRDF.FR
12345678910124,SALLANDIER,3,,,Benoît,,,
,CARRE,4,+33 6 07 07 07 07,,Romain,,,ROMAIN.CARRE@GRDF.FR
,CARRE,5,+33 6 78 96 75 45,,Romain,,,ROMAIN.CARRE@GRDF.FR
,ROMAIN,6,+33 6 78 96 75 45,,Carre,,,
,ROMAIN CARRE,7,,,,,,ROMAIN.CARRE@GRDF.FR
12345678910124,SALLANDIER,8,,,,,,BENOIT.SALLANDIER@GRDF.FR
17650187390356,MICHEL,9,,,Damien,,,DAM.MICH@GMAIL.FR
17650187390356,MAQUES,10,,,Jacqueline,,,JACQUELINELABOSS@WANADOO.FR
19068361804528,TESTUD,11,+33 6 81 29 01 65,,Céline,,,C.TESTUD@GMAIL.COM
19068361804528,TESTUD,12,+33 7 34 01 39 72,,Coline,,,C.TESTUD@GMAIL.COM
91100140000000,,13,+33 6 49 03 13 99,73282932009878,,CARRE PLOMBERIE,,
91100140000000,,14,+33 6 49 03 13 99,,,CARRE PLOMBERIE,,
91234567891098,,15,,91234123451234,,STRAZEL CUPCAKES,,
,,16,,91234123451234,,STRAZEL CUPCAKES,,
,,17,+33 6 54 38 91 20,12345948776123,,SALLANDIER TOILET'IENCH,,TOUTOUTOILETTAGE@DOGGO.FR
,,18,+33 7 81 23 45 71,98765438210987,,SALLANDIER TOILET'IENCH,12345948776123,
22001700000001,,19,+33 2 34 56 87 99,,,HOME OFFICE,,WELCOME@HENTRE.CO
22001700000001,,20,+33 2 34 56 85 88,,,BLABLACAR,,WELCOME@HENTRE.CO
22001700000001,,21,,,,DECATHLON,,WELCOME@HENTRE.CO
11001400000009,,22,+33 4 92 35 18 46,,,SARL SOCIETE DE CONSTRUCTION DU BATIMENT,,RENNES-DONELIERE.HOMESERVICES@ENGIE.COM
11001400000009,,23,+33 6 30 00 09 61,,,SOCIETE ANONYME D'HABITATIONS A LOYER MODERE HABELLIS,,SAINTBRIEUC-PLERIN.HOMESERVICES@ENGIE.COM
11001400000009,,24,+33 3 83 57 48 47,,,EIFFAGE CONSTRUCTION BOURGOGNE FRANCHE COMTE,,SAINTMALO.HOMESERVICES@ENGIE.COM
11001400000009,,25,+33 3 81 48 34 34,,,EIFFAGE CONSTRUCTION BOURGOGNE FRANCHE COMTE,9274901289400,TOURS-HOMESERVICES@ENGIE.COM
